{
  "baseline": {
    "perplexity": 50508.406563994,
    "onsisteny": 0.0
  },
  "psy": {
    "perplexity": 1.117948322626405e+197,
    "onsisteny": 0.0
  },
  "omparison": {
    "perplexity_delta_pt": 2.2133905990678358e+194,
    "onsisteny_delta": 0.0,
    "winner": "baseline"
  }
}